"videoId","videoTitle","timestamp","links","codes"
"z51M9cit-X0","Hellcase Promo Code 2025 ðŸ”¥ HOW TO WITHDRAW SKINS ðŸ”¥ Best Hellcase Promo Code + Free Balance","2025-06-19T10:11:02.508Z","https://hellca.se/100a | https://hellcase.com/giveaways/user/01e8046a","Code | code | codes"
"dCoELp77I9o","CSGO.NET Promo Code 2025 ðŸ”· 1000$ CASE OPENING ðŸ”· Best CSGONet Code ""AIDELIO"" + Free Bonus","2025-06-19T10:11:03.156Z","https://csgo.net/utm/aidelio","AIDELIO | CSGONET | Code | code"
"SotKhV-kjfI","USE CODE ZEY Csgoskins Promo Code giveaway","2025-06-19T10:11:03.263Z","https://csgo-skins.com/?ref=ZEY","Code | code | codes | syon"
"q83Jw-TKHdw","ðŸ”¥ How To Get FREE Gifts on Temu for NEW Users (Temu Coupon Code) ðŸ”¥","2025-06-19T10:11:03.378Z","https://temu.to/m/utkqg59kbkn | https://temu.to/m/u94f6vruyvj | https://youtu.be/IDBLUOtMtlU | https://youtu.be/iBxVGoCAGBA","CLAIM | GIFTS | Bundle | codes | code"
"z51M9cit-X0","Hellcase Promo Code 2025 ðŸ”¥ HOW TO WITHDRAW SKINS ðŸ”¥ Best Hellcase Promo Code + Free Balance","2025-06-19T10:11:14.532Z","https://hellca.se/100a | https://hellcase.com/giveaways/user/01e8046a","Code | code | codes"
"dCoELp77I9o","CSGO.NET Promo Code 2025 ðŸ”· 1000$ CASE OPENING ðŸ”· Best CSGONet Code ""AIDELIO"" + Free Bonus","2025-06-19T10:11:14.666Z","https://csgo.net/utm/aidelio","AIDELIO | CSGONET | Code | code"
"SotKhV-kjfI","USE CODE ZEY Csgoskins Promo Code giveaway","2025-06-19T10:11:14.800Z","https://csgo-skins.com/?ref=ZEY","Code | code | codes | syon"
"q83Jw-TKHdw","ðŸ”¥ How To Get FREE Gifts on Temu for NEW Users (Temu Coupon Code) ðŸ”¥","2025-06-19T10:11:14.947Z","https://temu.to/m/utkqg59kbkn | https://temu.to/m/u94f6vruyvj | https://youtu.be/IDBLUOtMtlU | https://youtu.be/iBxVGoCAGBA","CLAIM | GIFTS | Bundle | codes | code"
"dCoELp77I9o","CSGO.NET Promo Code 2025 ðŸ”· 1000$ CASE OPENING ðŸ”· Best CSGONet Code ""AIDELIO"" + Free Bonus","2025-06-19T10:12:24.409Z","https://csgo.net/utm/aidelio","AIDELIO | CSGONET | Code | code"
"SotKhV-kjfI","USE CODE ZEY Csgoskins Promo Code giveaway","2025-06-19T10:12:24.534Z","https://csgo-skins.com/?ref=ZEY","Code | code | codes | syon"
"q83Jw-TKHdw","ðŸ”¥ How To Get FREE Gifts on Temu for NEW Users (Temu Coupon Code) ðŸ”¥","2025-06-19T10:12:24.668Z","https://temu.to/m/utkqg59kbkn | https://temu.to/m/u94f6vruyvj | https://youtu.be/IDBLUOtMtlU | https://youtu.be/iBxVGoCAGBA","CLAIM | GIFTS | Bundle | codes | code"
"z51M9cit-X0","Hellcase Promo Code 2025 ðŸ”¥ HOW TO WITHDRAW SKINS ðŸ”¥ Best Hellcase Promo Code + Free Balance","2025-06-19T10:27:20.796Z","https://hellca.se/100a | https://hellcase.com/giveaways/user/01e8046a","Code | code | codes"
"dCoELp77I9o","CSGO.NET Promo Code 2025 ðŸ”· 1000$ CASE OPENING ðŸ”· Best CSGONet Code ""AIDELIO"" + Free Bonus","2025-06-19T10:27:20.942Z","https://csgo.net/utm/aidelio","AIDELIO | CSGONET | Code | code"
"SotKhV-kjfI","USE CODE ZEY Csgoskins Promo Code giveaway","2025-06-19T10:27:21.065Z","https://csgo-skins.com/?ref=ZEY","Code | code | codes | syon"
"q83Jw-TKHdw","ðŸ”¥ How To Get FREE Gifts on Temu for NEW Users (Temu Coupon Code) ðŸ”¥","2025-06-19T10:27:21.180Z","https://temu.to/m/utkqg59kbkn | https://temu.to/m/u94f6vruyvj | https://youtu.be/IDBLUOtMtlU | https://youtu.be/iBxVGoCAGBA","CLAIM | GIFTS | Bundle | codes | code"
"z51M9cit-X0","Hellcase Promo Code 2025 ðŸ”¥ HOW TO WITHDRAW SKINS ðŸ”¥ Best Hellcase Promo Code + Free Balance","2025-06-19T10:29:34.558Z","https://hellca.se/100a | https://hellcase.com/giveaways/user/01e8046a","Code | code | codes"
"dCoELp77I9o","CSGO.NET Promo Code 2025 ðŸ”· 1000$ CASE OPENING ðŸ”· Best CSGONet Code ""AIDELIO"" + Free Bonus","2025-06-19T10:29:35.045Z","https://csgo.net/utm/aidelio","AIDELIO | CSGONET | Code | code"
"SotKhV-kjfI","USE CODE ZEY Csgoskins Promo Code giveaway","2025-06-19T10:29:35.403Z","https://csgo-skins.com/?ref=ZEY","Code | code | codes | syon"
"q83Jw-TKHdw","ðŸ”¥ How To Get FREE Gifts on Temu for NEW Users (Temu Coupon Code) ðŸ”¥","2025-06-19T10:29:35.679Z","https://temu.to/m/utkqg59kbkn | https://temu.to/m/u94f6vruyvj | https://youtu.be/IDBLUOtMtlU | https://youtu.be/iBxVGoCAGBA","CLAIM | GIFTS | Bundle | codes | code"
"z51M9cit-X0","Hellcase Promo Code 2025 ðŸ”¥ HOW TO WITHDRAW SKINS ðŸ”¥ Best Hellcase Promo Code + Free Balance","2025-06-19T10:30:38.708Z","https://hellca.se/100a | https://hellcase.com/giveaways/user/01e8046a","Code | code | codes"
"dCoELp77I9o","CSGO.NET Promo Code 2025 ðŸ”· 1000$ CASE OPENING ðŸ”· Best CSGONet Code ""AIDELIO"" + Free Bonus","2025-06-19T10:30:38.842Z","https://csgo.net/utm/aidelio","AIDELIO | CSGONET | Code | code"
"SotKhV-kjfI","USE CODE ZEY Csgoskins Promo Code giveaway","2025-06-19T10:30:38.954Z","https://csgo-skins.com/?ref=ZEY","Code | code | codes | syon"
"q83Jw-TKHdw","ðŸ”¥ How To Get FREE Gifts on Temu for NEW Users (Temu Coupon Code) ðŸ”¥","2025-06-19T10:30:39.067Z","https://temu.to/m/utkqg59kbkn | https://temu.to/m/u94f6vruyvj | https://youtu.be/IDBLUOtMtlU | https://youtu.be/iBxVGoCAGBA","CLAIM | GIFTS | Bundle | codes | code"
